ID,Name,Age,Salary
1,Name_1,26.0,52002.0
2,Name_2,39.0,69504.0
3,Name_3,48.0,63159.0
4,Name_4,34.0,43986.0
5,Name_5,30.0,42666.0
6,Name_6,27.0,68660.0
7,Name_7,48.0,33561.0
8,Name_8,40.0,56854.0
9,Name_9,26.0,68952.0
10,,45.0,52662.0
11,Name_11,38.0,38392.0
12,Name_12,42.0,60535.0
13,Name_13,30.0,43067.0
14,Name_14,30.0,78033.0
15,Name_15,,53599.0
16,Name_16,43.0,65222.0
17,Name_17,40.0,41837.0
18,Name_18,23.0,44039.0
19,Name_19,27.0,60818.0
20,,43.0,
21,Name_21,22.0,49115.0
22,Name_22,41.0,40965.0
23,Name_23,40.0,54538.0
24,Name_24,21.0,72530.0
25,Name_25,43.0,35056.0
26,Name_26,31.0,62482.0
27,Name_27,49.0,77716.0
28,Name_28,25.0,38110.0
29,Name_29,21.0,43773.0
30,,,57266.0
31,Name_31,47.0,47412.0
32,Name_32,40.0,63270.0
33,Name_33,20.0,36910.0
34,Name_34,31.0,75453.0
35,Name_35,45.0,55446.0
36,Name_36,41.0,30206.0
37,Name_37,48.0,51518.0
38,Name_38,31.0,52361.0
39,Name_39,44.0,53419.0
40,,36.0,
41,Name_41,46.0,78702.0
42,Name_42,46.0,71523.0
43,Name_43,29.0,75151.0
44,Name_44,47.0,52403.0
45,Name_45,,48141.0
46,Name_46,47.0,44820.0
47,Name_47,35.0,70342.0
48,Name_48,34.0,36374.0
49,Name_49,49.0,31678.0
50,,49.0,63827.0
51,Name_51,34.0,46198.0
52,Name_52,49.0,39914.0
53,Name_53,38.0,57890.0
54,Name_54,31.0,52299.0
55,Name_55,42.0,73585.0
56,Name_56,39.0,73689.0
57,Name_57,44.0,72557.0
58,Name_58,22.0,79080.0
59,Name_59,24.0,74020.0
60,,,
61,Name_61,38.0,32693.0
62,Name_62,26.0,59467.0
63,Name_63,40.0,59723.0
64,Name_64,28.0,76699.0
65,Name_65,26.0,33627.0
66,Name_66,37.0,55939.0
67,Name_67,23.0,78925.0
68,Name_68,44.0,72941.0
69,Name_69,47.0,51834.0
70,,33.0,48047.0
71,Name_71,37.0,56105.0
72,Name_72,45.0,40230.0
73,Name_73,28.0,45707.0
74,Name_74,45.0,51976.0
75,Name_75,,74262.0
76,Name_76,40.0,53776.0
77,Name_77,21.0,60080.0
78,Name_78,39.0,31306.0
79,Name_79,47.0,36776.0
80,,34.0,
81,Name_81,47.0,57251.0
82,Name_82,26.0,39474.0
83,Name_83,31.0,70294.0
84,Name_84,48.0,51959.0
85,Name_85,27.0,35530.0
86,Name_86,34.0,59320.0
87,Name_87,22.0,33748.0
88,Name_88,33.0,61968.0
89,Name_89,36.0,62562.0
90,,,43545.0
91,Name_91,23.0,30663.0
92,Name_92,37.0,64766.0
93,Name_93,27.0,37994.0
94,Name_94,23.0,58021.0
95,Name_95,21.0,60303.0
96,Name_96,49.0,33304.0
97,Name_97,25.0,76576.0
98,Name_98,41.0,69353.0
99,Name_99,29.0,47675.0
100,,23.0,
101,Name_101,41.0,74417.0
102,Name_102,48.0,53938.0
103,Name_103,37.0,53664.0
104,Name_104,45.0,31636.0
105,Name_105,,50080.0
106,Name_106,31.0,57728.0
107,Name_107,21.0,79850.0
108,Name_108,29.0,56736.0
109,Name_109,49.0,58673.0
110,,23.0,67505.0
111,Name_111,33.0,77323.0
112,Name_112,35.0,76645.0
113,Name_113,34.0,30854.0
114,Name_114,27.0,54548.0
115,Name_115,33.0,68623.0
116,Name_116,42.0,37392.0
117,Name_117,47.0,76717.0
118,Name_118,44.0,51556.0
119,Name_119,49.0,68559.0
120,,,
121,Name_121,27.0,56309.0
122,Name_122,40.0,51919.0
123,Name_123,35.0,34931.0
124,Name_124,32.0,62970.0
125,Name_125,37.0,74215.0
126,Name_126,34.0,42688.0
127,Name_127,40.0,55342.0
128,Name_128,43.0,67157.0
129,Name_129,45.0,32327.0
130,,44.0,70772.0
131,Name_131,47.0,70545.0
132,Name_132,47.0,30197.0
133,Name_133,47.0,53509.0
134,Name_134,32.0,64698.0
135,Name_135,,74542.0
136,Name_136,28.0,45087.0
137,Name_137,48.0,52671.0
138,Name_138,34.0,55184.0
139,Name_139,32.0,57848.0
140,,20.0,
141,Name_141,44.0,72107.0
142,Name_142,26.0,50666.0
143,Name_143,28.0,74357.0
144,Name_144,43.0,45708.0
145,Name_145,20.0,56370.0
146,Name_146,31.0,79811.0
147,Name_147,27.0,32811.0
148,Name_148,43.0,77011.0
149,Name_149,30.0,36546.0
150,,,64754.0
